Conductor_Copper_loss,Dielectric_Air_loss,epoch,initial_phi_port_port1_loss,initial_phi_port_port2_loss,mean_loss,step
196.42942810058594,19037.22265625,0,0.7967835068702698,1.3676097393035889,4808.9541015625,0
3840.946044921875,282274.125,1,4.14756441116333,1.369629979133606,71530.1484375,1
437.85882568359375,26202.52734375,2,1.7813034057617188,1.0972177982330322,6660.81640625,2
47.08013153076172,6994.880859375,3,0.9738348722457886,1.3549236059188843,1761.072265625,3
77.21895599365234,13378.3876953125,4,0.7735295295715332,1.719455599784851,3364.52490234375,4
43.433475494384766,8873.3994140625,5,0.8207920789718628,1.7345751523971558,2229.84716796875,5
14.789847373962402,3887.96875,6,0.9445212483406067,1.5776070356369019,976.3201904296875,6
6.638176441192627,1341.798583984375,7,1.0927475690841675,1.3576349020004272,337.7217712402344,7
15.9100980758667,1455.2728271484375,8,1.1339900493621826,1.1273443698883057,368.3610534667969,8
21.400245666503906,2237.71044921875,9,1.1217764616012573,0.9710068702697754,565.3008422851562,9
19.412357330322266,2232.533935546875,10,1.102661371231079,0.9015534520149231,563.4876098632812,10
14.083112716674805,1613.9625244140625,11,1.0722564458847046,0.8989182114601135,407.50421142578125,11
8.551844596862793,989.3373413085938,12,1.0261871814727783,0.9368028044700623,249.96304321289062,12
4.680507183074951,666.4550170898438,13,0.9775540232658386,1.0042779445648193,168.2793426513672,13
2.924445152282715,710.4989624023438,14,0.9365506768226624,1.0873262882232666,178.86181640625,14
2.5646374225616455,955.2398071289062,15,0.905134379863739,1.1731700897216797,239.97068786621094,15
2.5246262550354004,1097.339111328125,16,0.8777762651443481,1.231312870979309,275.4931945800781,16
2.1419336795806885,988.834228515625,17,0.8666285872459412,1.266367793083191,248.27728271484375,17
1.6982531547546387,734.9042358398438,18,0.8691819310188293,1.2729679346084595,184.6861572265625,18
1.7532331943511963,507.93890380859375,19,0.8802522420883179,1.2598423957824707,127.95806121826172,19
2.612452507019043,369.55584716796875,20,0.8979529738426208,1.2319774627685547,93.57455444335938,20
4.220144748687744,300.8826904296875,21,0.9183312058448792,1.1956859827041626,76.80421447753906,21
6.258339881896973,272.16156005859375,22,0.9346150755882263,1.1562515497207642,70.12769317626953,22
8.282546043395996,264.1242980957031,23,0.948861300945282,1.1178953647613525,68.618408203125,23
9.457188606262207,262.2934875488281,24,0.9609515070915222,1.0837323665618896,68.44883728027344,24
9.837872505187988,255.13259887695312,25,0.970022976398468,1.0556548833847046,66.74903869628906,25
9.572568893432617,238.454345703125,26,0.9756779670715332,1.0346485376358032,62.50931167602539,26
8.778003692626953,212.1666717529297,27,0.9774183630943298,1.0208615064620972,55.735740661621094,27
7.570435523986816,180.88143920898438,28,0.9762945771217346,1.0137832164764404,47.61048889160156,28
6.188340187072754,151.79046630859375,29,0.9731593728065491,1.0123469829559326,39.9910774230957,29
4.920444965362549,130.41546630859375,30,0.9649473428726196,1.0151219367980957,34.32899475097656,30
3.890754222869873,118.43629455566406,31,0.9560270309448242,1.0204371213912964,31.075878143310547,31
3.1376280784606934,113.73635864257812,32,0.9482057690620422,1.0265588760375977,29.712188720703125,32
2.6379170417785645,111.43779754638672,33,0.9442064762115479,1.0319063663482666,29.012956619262695,33
2.3367562294006348,106.85934448242188,34,0.9455910921096802,1.0352195501327515,27.794227600097656,34
2.1781466007232666,97.2300033569336,35,0.9515830278396606,1.039071798324585,25.349700927734375,35
2.1243574619293213,84.02388000488281,36,0.9618741273880005,1.0406200885772705,22.037683486938477,36
2.151502847671509,72.06998443603516,37,0.9753259420394897,1.0385850667953491,19.058849334716797,37
2.2432749271392822,65.46925354003906,38,0.9902145266532898,1.0344843864440918,17.434307098388672,38
2.361116647720337,65.31364440917969,39,1.0044022798538208,1.0301915407180786,17.427339553833008,39
2.4573071002960205,68.7243881225586,40,1.0159876346588135,1.0272363424301147,18.306230545043945,40
2.4955294132232666,71.60169219970703,41,1.0232274532318115,1.0262926816940308,19.036685943603516,41
2.4681763648986816,71.2554702758789,42,1.025405764579773,1.0270763635635376,18.944032669067383,42
2.39162015914917,67.28977966308594,43,1.0230427980422974,1.028501033782959,17.93323516845703,43
2.28617787361145,60.356788635253906,44,1.017478585243225,1.0292978286743164,16.172435760498047,44
2.166640043258667,52.04591369628906,45,1.0103446245193481,1.0286015272140503,14.062874794006348,45
2.0435101985931396,44.9871940612793,46,1.003080129623413,1.0262199640274048,12.26500129699707,46
1.925889015197754,41.232120513916016,47,0.996776819229126,1.0225188732147217,11.294326782226562,47
1.8230022192001343,40.659488677978516,48,0.9919307231903076,1.0185093879699707,11.1232328414917,48
1.7403550148010254,41.56886672973633,49,0.9886987805366516,1.0154918432235718,11.328352928161621,49
1.6765165328979492,41.70563888549805,50,0.9865518808364868,1.0144261121749878,11.345783233642578,50
1.6225298643112183,39.53647232055664,51,0.9851263165473938,1.0158575773239136,10.789996147155762,51
1.5726301670074463,35.56412887573242,52,0.984219491481781,1.0195945501327515,9.78514289855957,52
1.5373412370681763,31.96734046936035,53,0.9838752150535583,1.024644136428833,8.878300666809082,53
1.5235283374786377,30.46628189086914,54,0.9843279123306274,1.0293622016906738,8.500875473022461,54
1.5207934379577637,30.627500534057617,55,0.9858144521713257,1.0320097208023071,8.541529655456543,55
1.5257971286773682,30.78201675415039,56,0.9882840514183044,1.0317357778549194,8.581958770751953,56
1.5313361883163452,30.052499771118164,57,0.9913138151168823,1.0289783477783203,8.401032447814941,57
1.524742841720581,28.57324981689453,58,0.9942466616630554,1.0251655578613281,8.029351234436035,58
1.4917935132980347,26.6995906829834,59,0.9964593052864075,1.0219651460647583,7.552452087402344,59
1.4271591901779175,24.747299194335938,60,0.9976272583007812,1.0204970836639404,7.048145771026611,60
1.3412786722183228,23.364717483520508,61,0.9978556036949158,1.0209718942642212,6.681205749511719,61
1.2541967630386353,23.03038215637207,62,0.997592568397522,1.0227676630020142,6.576234817504883,62
1.1821180582046509,23.351608276367188,63,0.9974020719528198,1.024865746498108,6.638998508453369,63
1.1336784362792969,23.356409072875977,64,0.9977107048034668,1.0263842344284058,6.628545761108398,64
1.1095415353775024,22.56365203857422,65,0.9986133575439453,1.0269813537597656,6.424696922302246,65
1.1034905910491943,21.34242820739746,66,0.9998646974563599,1.0269466638565063,6.11818265914917,66
1.1028473377227783,20.256628036499023,67,1.001023292541504,1.0269007682800293,5.8468499183654785,67
1.0925087928771973,19.475147247314453,68,1.0016789436340332,1.0273151397705078,5.649162292480469,68
1.0650725364685059,18.94148826599121,69,1.0016679763793945,1.028152346611023,5.509095191955566,69
1.0248174667358398,18.58899688720703,70,1.0011011362075806,1.0288472175598145,5.410940647125244,70
0.9806618690490723,18.200023651123047,71,1.0004737377166748,1.0286362171173096,5.302448749542236,71
0.9394841194152832,17.505489349365234,72,0.9998049139976501,1.0270253419876099,5.117950916290283,72
0.9031004905700684,16.55499267578125,73,0.9992486238479614,1.0241262912750244,4.870367050170898,73
0.8693425059318542,15.720505714416504,74,0.9987390637397766,1.020650029182434,4.652309417724609,74
0.8347305059432983,15.22818374633789,75,0.998115599155426,1.0175365209579468,4.519641399383545,75
0.7974892854690552,14.969915390014648,76,0.9972955584526062,1.0154799222946167,4.445044994354248,76
0.7592721581459045,14.744983673095703,77,0.9963799118995667,1.0146665573120117,4.378825664520264,77
0.7242580056190491,14.445874214172363,78,0.9956368207931519,1.014775037765503,4.295135974884033,78
0.6960806846618652,14.025276184082031,79,0.9953539967536926,1.0152230262756348,4.1829833984375,79
0.6755548715591431,13.489720344543457,80,0.9956706166267395,1.0155190229415894,4.044116020202637,80
0.6607012152671814,12.966937065124512,81,0.9964796304702759,1.015493392944336,3.909902811050415,81
0.6478447914123535,12.601109504699707,82,0.9974797368049622,1.015297532081604,3.8154327869415283,82
0.6326448917388916,12.384571075439453,83,0.9983041286468506,1.0152111053466797,3.7576828002929688,83
0.6125600934028625,12.184329986572266,84,0.9987099766731262,1.0153883695602417,3.702747106552124,84
0.5883906483650208,11.919689178466797,85,0.998685896396637,1.0157203674316406,3.6306211948394775,85
0.5633083581924438,11.612251281738281,86,0.9984138607978821,1.0158939361572266,3.54746675491333,86
0.5401942133903503,11.304108619689941,87,0.9981164336204529,1.0156060457229614,3.4645063877105713,87
0.5207099318504333,11.02807331085205,88,0.9980514049530029,1.0147827863693237,3.390404462814331,88
0.5047317147254944,10.816635131835938,89,0.9982831478118896,1.0136501789093018,3.333325147628784,89
0.49082672595977783,10.65637493133545,90,0.9984732866287231,1.0126115083694458,3.289571523666382,90
0.47770482301712036,10.478877067565918,91,0.9985247254371643,1.0120097398757935,3.241779088973999,91
0.4645761549472809,10.240655899047852,92,0.9984084963798523,1.011942982673645,3.178895950317383,92
0.45177170634269714,9.971753120422363,93,0.9981902837753296,1.0122315883636475,3.1084866523742676,93
0.4401412308216095,9.721807479858398,94,0.9979724287986755,1.012547492980957,3.043117046356201,94
0.43007078766822815,9.507231712341309,95,0.9978245496749878,1.0126185417175293,2.986936330795288,95
0.42122724652290344,9.324668884277344,96,0.997736930847168,1.0123728513717651,2.9390015602111816,96
0.41260650753974915,9.16104793548584,97,0.9976320266723633,1.0119448900222778,2.8958077430725098,97
0.403167188167572,8.98941707611084,98,0.9974280595779419,1.0115468502044678,2.8503897190093994,98
0.3924081027507782,8.794648170471191,99,0.9971029162406921,1.0113176107406616,2.7988691329956055,99
0.3808709979057312,8.596227645874023,100,0.9967206120491028,1.0112322568893433,2.746262788772583,100
0.369790256023407,8.418331146240234,101,0.9964022636413574,1.0111531019210815,2.6989192962646484,101
0.3600638508796692,8.260286331176758,102,0.9962537884712219,1.0109565258026123,2.6568901538848877,102
0.3517724573612213,8.107662200927734,103,0.9963006973266602,1.0106463432312012,2.616595506668091,103
0.3445410430431366,7.9519243240356445,104,0.9964842796325684,1.0103604793548584,2.5758275985717773,104
0.33756664395332336,7.79049825668335,105,0.9966957569122314,1.01027512550354,2.5337588787078857,105
0.3302290439605713,7.625576972961426,106,0.9968491792678833,1.0104695558547974,2.490781307220459,106
0.32256242632865906,7.469630718231201,107,0.9969147443771362,1.0108592510223389,2.4499919414520264,107
0.314989298582077,7.332274436950684,108,0.9969117641448975,1.011246919631958,2.4138553142547607,108
0.30784866213798523,7.2033891677856445,109,0.9968672394752502,1.0114541053771973,2.379889726638794,109
0.30115029215812683,7.071979999542236,110,0.9967872500419617,1.0114202499389648,2.345334529876709,110
0.2945850193500519,6.937931060791016,111,0.9966433644294739,1.0112171173095703,2.310094118118286,111
0.2876844108104706,6.804577350616455,112,0.9964067935943604,1.0109769105911255,2.274911403656006,112
0.28029611706733704,6.675018787384033,113,0.996081531047821,1.0107890367507935,2.240546464920044,113
0.27272990345954895,6.552433013916016,114,0.9957215189933777,1.010646104812622,2.2078826427459717,114
0.26555895805358887,6.437682628631592,115,0.9954001307487488,1.0104752779006958,2.177279233932495,115
0.2592140734195709,6.324120044708252,116,0.9951682090759277,1.0102148056030273,2.147179365158081,116
0.25376033782958984,6.2086052894592285,117,0.9950289726257324,1.009875774383545,2.1168174743652344,117
0.2488635927438736,6.093939304351807,118,0.9949382543563843,1.0095388889312744,2.086820125579834,118
0.24399951100349426,5.982913017272949,119,0.9948425889015198,1.0092991590499878,2.0577635765075684,119
0.23882989585399628,5.8757734298706055,120,0.9947092533111572,1.0091869831085205,2.0296249389648438,120
0.23349913954734802,5.7729644775390625,121,0.9945440888404846,1.0091532468795776,2.002540349960327,121
0.22829757630825043,5.672816276550293,122,0.9943756461143494,1.00910484790802,1.9761486053466797,122
0.2234366089105606,5.5724568367004395,123,0.9942314624786377,1.0089788436889648,1.9497759342193604,123
0.21890690922737122,5.473638534545898,124,0.9941149950027466,1.0087898969650269,1.9238626956939697,124
0.21455200016498566,5.3780646324157715,125,0.9940138459205627,1.0085999965667725,1.8988076448440552,125
0.21021610498428345,5.2876105308532715,126,0.9939171075820923,1.0084686279296875,1.87505304813385,126
0.20592685043811798,5.200459957122803,127,0.9938302040100098,1.0084012746810913,1.8521546125411987,127
0.20187489688396454,5.11394739151001,128,0.9937756657600403,1.0083560943603516,1.8294885158538818,128
0.19820983707904816,5.028274059295654,129,0.9937704801559448,1.0082694292068481,1.8071309328079224,129
0.19498294591903687,4.943998336791992,130,0.9938037395477295,1.008124828338623,1.7852274179458618,130
0.1919824481010437,4.861722946166992,131,0.9938428401947021,1.0079526901245117,1.7638752460479736,131
0.1889176070690155,4.781722068786621,132,0.9938531517982483,1.0078002214431763,1.7430732250213623,132
0.1856490820646286,4.7042646408081055,133,0.9938139319419861,1.007690191268921,1.722854495048523,133
0.18222764134407043,4.628514289855957,134,0.9937317967414856,1.0076030492782593,1.703019142150879,134
0.17887474596500397,4.553215026855469,135,0.9936326146125793,1.0074974298477173,1.6833049058914185,135
0.17575162649154663,4.479423999786377,136,0.9935415983200073,1.0073503255844116,1.664016842842102,136
0.17286911606788635,4.407705783843994,137,0.993466854095459,1.0071783065795898,1.6453050374984741,137
0.17012140154838562,4.338665008544922,138,0.993406355381012,1.0070213079452515,1.6273034811019897,138
0.1674230396747589,4.271609783172607,139,0.9933556318283081,1.006908893585205,1.609824299812317,139
0.1647944152355194,4.206037998199463,140,0.993321418762207,1.0068359375,1.592747449874878,140
0.16235634684562683,4.141472339630127,141,0.9933146238327026,1.0067648887634277,1.575977087020874,141
0.16018110513687134,4.078185081481934,142,0.9933416247367859,1.0066651105880737,1.5595932006835938,142
0.15822021663188934,4.017405986785889,143,0.9933922290802002,1.006536602973938,1.543888807296753,143
0.15631583333015442,3.958482027053833,144,0.9934439063072205,1.006406307220459,1.5286619663238525,144
0.15433117747306824,3.9014394283294678,145,0.9934790730476379,1.0063022375106812,1.5138880014419556,145
0.15224431455135345,3.8463759422302246,146,0.9934920072555542,1.0062288045883179,1.4995852708816528,146
0.15014465153217316,3.7926619052886963,147,0.993491530418396,1.0061653852462769,1.485615849494934,147
0.14816807210445404,3.7407357692718506,148,0.9934903383255005,1.006089210510254,1.4721208810806274,148
0.14635103940963745,3.690682888031006,149,0.9934948682785034,1.0059946775436401,1.459130883216858,149
0.1446465700864792,3.6424543857574463,150,0.993502140045166,1.0058952569961548,1.4466246366500854,150
0.14298295974731445,3.594265937805176,151,0.9935075640678406,1.0058096647262573,1.4341415166854858,151
0.14134718477725983,3.546602487564087,152,0.9935118556022644,1.0057379007339478,1.421799898147583,152
0.13977643847465515,3.5004048347473145,153,0.9935174584388733,1.0056654214859009,1.4098410606384277,153
0.13830161094665527,3.455533981323242,154,0.9935276508331299,1.0055745840072632,1.398234486579895,154
0.13691376149654388,3.4124865531921387,155,0.9935395121574402,1.0054593086242676,1.3870997428894043,155
0.1355622261762619,3.3706393241882324,156,0.9935452342033386,1.005332350730896,1.376269817352295,156
0.1341763287782669,3.3300631046295166,157,0.9935381412506104,1.005212664604187,1.3657475709915161,157
0.1327437311410904,3.2906181812286377,158,0.9935172200202942,1.0051089525222778,1.3554970026016235,158
0.1313508152961731,3.2524712085723877,159,0.9934902191162109,1.0050173997879028,1.345582365989685,159
0.13004903495311737,3.215446710586548,160,0.993465781211853,1.0049291849136353,1.3359726667404175,160
0.12888193130493164,3.1792891025543213,161,0.9934514760971069,1.0048397779464722,1.326615571975708,161
0.1278238743543625,3.1438450813293457,162,0.9934485554695129,1.0047537088394165,1.3174678087234497,162
0.12683454155921936,3.109400987625122,163,0.9934519529342651,1.0046780109405518,1.308591365814209,163
0.12588030099868774,3.076118230819702,164,0.9934577941894531,1.004610538482666,1.3000167608261108,164
0.1249513179063797,3.0440988540649414,165,0.9934647083282471,1.0045446157455444,1.2917648553848267,165
0.12405068427324295,3.012979507446289,166,0.993472158908844,1.0044703483581543,1.283743143081665,166
0.1232069730758667,2.9827826023101807,167,0.9934809803962708,1.0043842792510986,1.2759636640548706,167
0.12240022420883179,2.953371047973633,168,0.9934875965118408,1.004292368888855,1.268387794494629,168
0.12160791456699371,2.924654245376587,169,0.9934910535812378,1.00420343875885,1.2609891891479492,169
0.12081623822450638,2.8969292640686035,170,0.9934900999069214,1.0041229724884033,1.2538396120071411,170
0.12004315853118896,2.870103359222412,171,0.9934872388839722,1.0040490627288818,1.2469207048416138,171
0.11931842565536499,2.8441150188446045,172,0.9934867024421692,1.003975510597229,1.2402238845825195,172
0.11865217238664627,2.818668842315674,173,0.9934910535812378,1.0038986206054688,1.233677625656128,173
0.11802291125059128,2.7938826084136963,174,0.9935003519058228,1.0038200616836548,1.2273064851760864,174
0.11739938706159592,2.7697813510894775,175,0.9935128092765808,1.0037444829940796,1.2211095094680786,175
0.11676867306232452,2.7463650703430176,176,0.9935264587402344,1.0036733150482178,1.215083360671997,176
0.11613994091749191,2.7235844135284424,177,0.9935421347618103,1.003602385520935,1.2092171907424927,177
0.11553069204092026,2.7014501094818115,178,0.9935606718063354,1.0035274028778076,1.203517198562622,178
0.11493439972400665,2.6799466609954834,179,0.9935817122459412,1.0034493207931519,1.1979780197143555,179
0.11433592438697815,2.659008264541626,180,0.993602991104126,1.0033719539642334,1.192579746246338,180
0.11371544003486633,2.6387197971343994,181,0.9936222434043884,1.0033005475997925,1.1873395442962646,181
0.1130620688199997,2.6189332008361816,182,0.9936389923095703,1.0032365322113037,1.1822177171707153,182
0.11240225285291672,2.5995566844940186,183,0.9936562180519104,1.0031758546829224,1.1771976947784424,183
0.11176614463329315,2.580599069595337,184,0.9936772584915161,1.003114938735962,1.1722893714904785,184
0.11116677522659302,2.5620925426483154,185,0.9937034249305725,1.0030546188354492,1.1675044298171997,185
0.11057927459478378,2.544036388397217,186,0.9937321543693542,1.0029994249343872,1.1628367900848389,186
0.10997673124074936,2.526398181915283,187,0.9937609434127808,1.0029516220092773,1.1582719087600708,187
0.10936649888753891,2.5091450214385986,188,0.9937896728515625,1.002908706665039,1.153802514076233,188
0.10876525938510895,2.492191791534424,189,0.9938203692436218,1.0028659105300903,1.1494108438491821,189
0.10818220674991608,2.475588321685791,190,0.9938529133796692,1.002820611000061,1.1451109647750854,190
0.10760700702667236,2.459306001663208,191,0.9938854575157166,1.002774953842163,1.1408933401107788,191
0.1070370003581047,2.4429731369018555,192,0.99391770362854,1.0027334690093994,1.1366653442382812,192
0.10647419840097427,2.4269115924835205,193,0.9939490556716919,1.0026980638504028,1.1325082778930664,193
0.10591605305671692,2.411011219024658,194,0.993979275226593,1.0026675462722778,1.128393530845642,194
0.10537277162075043,2.3953464031219482,195,0.9940094351768494,1.002637267112732,1.1243414878845215,195
0.10483825951814651,2.379940986633301,196,0.9940397143363953,1.0026030540466309,1.120355486869812,196
0.10430821031332016,2.3647069931030273,197,0.9940695762634277,1.0025660991668701,1.1164127588272095,197
0.10377237945795059,2.349684476852417,198,0.9940970540046692,1.0025264024734497,1.1125200986862183,198
0.10322635620832443,2.334946632385254,199,0.9941214919090271,1.0024868249893188,1.1086952686309814,199
0.10267597436904907,2.3204338550567627,200,0.9941437244415283,1.0024460554122925,1.1049249172210693,200
0.10218392312526703,2.3075971603393555,201,0.9941630959510803,1.0024082660675049,1.1015881299972534,201
0.10170143842697144,2.294962167739868,202,0.9941825866699219,1.002370834350586,1.098304271697998,202
0.10122634470462799,2.2824058532714844,203,0.9942024350166321,1.0023351907730103,1.0950424671173096,203
0.10076065361499786,2.2698535919189453,204,0.9942231178283691,1.0023034811019897,1.091785192489624,204
0.10029802471399307,2.2574756145477295,205,0.994244396686554,1.0022763013839722,1.0885735750198364,205
0.09983554482460022,2.24527907371521,206,0.994266152381897,1.0022526979446411,1.085408329963684,206
0.09937871247529984,2.23327898979187,207,0.9942887425422668,1.002229928970337,1.0822941064834595,207
0.09892615675926208,2.2214574813842773,208,0.994312047958374,1.002206563949585,1.0792255401611328,208
0.09847738593816757,2.209831714630127,209,0.9943355917930603,1.0021815299987793,1.0762065649032593,209
0.09802697598934174,2.198366403579712,210,0.994359016418457,1.0021557807922363,1.073227047920227,210
0.0975707471370697,2.1871116161346436,211,0.9943817257881165,1.0021309852600098,1.0702987909317017,211
0.09710147231817245,2.175973892211914,212,0.9944043159484863,1.0021060705184937,1.0673964023590088,212
0.09664508700370789,2.1646430492401123,213,0.9944291710853577,1.002078652381897,1.0644489526748657,213
0.09620901942253113,2.1534180641174316,214,0.9944562315940857,1.0020493268966675,1.0615332126617432,214
0.09578832983970642,2.1421711444854736,215,0.9944852590560913,1.0020204782485962,1.058616280555725,215
0.09538806974887848,2.1309525966644287,216,0.9945153594017029,1.0019946098327637,1.0557126998901367,216
0.09500724822282791,2.1198461055755615,217,0.994546115398407,1.001967430114746,1.0528417825698853,217
0.09462299942970276,2.108853816986084,218,0.9945744276046753,1.0019416809082031,1.0499982833862305,218
0.09422995895147324,2.0979959964752197,219,0.9945991635322571,1.0019173622131348,1.0471856594085693,219
0.0938270092010498,2.087283134460449,220,0.9946204423904419,1.00189208984375,1.0444056987762451,220
0.09342711418867111,2.0767133235931396,221,0.9946396946907043,1.0018640756607056,1.041661024093628,221
0.09302787482738495,2.066283702850342,222,0.9946582317352295,1.0018335580825806,1.038950800895691,222
0.09263098984956741,2.0559887886047363,223,0.9946762919425964,1.0018032789230347,1.036274790763855,223
0.09223023802042007,2.0457708835601807,224,0.9946948289871216,1.0017753839492798,1.0336178541183472,224
0.0918249785900116,2.035598039627075,225,0.9947141408920288,1.001751184463501,1.0309721231460571,225
0.09142683446407318,2.0255022048950195,226,0.994735062122345,1.0017297267913818,1.028348445892334,226
0.09103230386972427,2.015524387359619,227,0.9947574138641357,1.0017096996307373,1.0257560014724731,227
0.0906323492527008,2.0055856704711914,228,0.9947791695594788,1.0016920566558838,1.0231722593307495,228
0.09021824598312378,1.9956830739974976,229,0.9947985410690308,1.001676321029663,1.0205940008163452,229
0.08979762345552444,1.9859176874160767,230,0.9948155283927917,1.0016613006591797,1.0180480480194092,230
0.08938014507293701,1.9763000011444092,231,0.9948314428329468,1.0016448497772217,1.0155391693115234,231
0.08896120637655258,1.9667807817459106,232,0.9948474168777466,1.0016264915466309,1.0130540132522583,232
0.08854100853204727,1.9573484659194946,233,0.9948635697364807,1.0016077756881714,1.0105901956558228,233
0.0881185457110405,1.948062539100647,234,0.9948792457580566,1.0015915632247925,1.0081629753112793,234
0.0876946747303009,1.9389089345932007,235,0.99489426612854,1.0015777349472046,1.005768895149231,235
0.08727508783340454,1.9298789501190186,236,0.9949092268943787,1.001564621925354,1.0034070014953613,236
0.08686573803424835,1.9209516048431396,237,0.9949248433113098,1.001550316810608,1.0010731220245361,237
0.08646075427532196,1.9121371507644653,238,0.994940996170044,1.001534342765808,0.9987683296203613,238
0.08606129884719849,1.9034324884414673,239,0.9949573874473572,1.00151789188385,0.9964922666549683,239
0.08566293120384216,1.8948150873184204,240,0.9949733018875122,1.0015023946762085,0.9942384362220764,240
0.08525916934013367,1.886296272277832,241,0.9949891567230225,1.001486897468567,0.992007851600647,241
0.0848613977432251,1.8778767585754395,242,0.9950056672096252,1.0014704465866089,0.9898035526275635,242
0.08447087556123734,1.8695650100708008,243,0.9950230121612549,1.0014524459838867,0.9876278638839722,243
0.08407856523990631,1.8613725900650024,244,0.9950396418571472,1.0014357566833496,0.9854816198348999,244
0.08367802947759628,1.8532962799072266,245,0.9950550198554993,1.001420259475708,0.9833623766899109,245
0.08327942341566086,1.8453339338302612,246,0.9950696229934692,1.0014052391052246,0.9812720417976379,246
0.08288737386465073,1.8374853134155273,247,0.9950852394104004,1.0013890266418457,0.9792117476463318,247
0.08249001204967499,1.8297464847564697,248,0.9951006770133972,1.001373291015625,0.9771775603294373,248
0.08208595216274261,1.8221162557601929,249,0.9951143264770508,1.0013597011566162,0.9751690626144409,249
0.08167526870965958,1.8145755529403687,250,0.9951270818710327,1.001347303390503,0.9731813073158264,250
0.08127977699041367,1.8070751428604126,251,0.9951408505439758,1.001333236694336,0.9712072610855103,251
0.08090648800134659,1.7996513843536377,252,0.995157778263092,1.001317024230957,0.9692581295967102,252
0.08053923398256302,1.792306661605835,253,0.9951761960983276,1.0013015270233154,0.9673309326171875,253
0.08016769587993622,1.7850557565689087,254,0.9951938986778259,1.0012904405593872,0.9654269218444824,254
0.07978606969118118,1.7779079675674438,255,0.9952087998390198,1.0012844800949097,0.9635468125343323,255
0.07940814644098282,1.7708464860916138,256,0.9952219724655151,1.0012778043746948,0.9616885781288147,256
0.07904979586601257,1.7638577222824097,257,0.9952359795570374,1.0012654066085815,0.9598522186279297,257
0.07870906591415405,1.7569292783737183,258,0.9952513575553894,1.0012487173080444,0.9580346345901489,258
0.07837133854627609,1.750072956085205,259,0.9952671527862549,1.0012282133102417,0.9562349319458008,259
0.07800495624542236,1.7433123588562012,260,0.9952794313430786,1.0012136697769165,0.954452633857727,260
0.07761435210704803,1.7366294860839844,261,0.9952874779701233,1.0012060403823853,0.9526843428611755,261
0.07723279297351837,1.7300065755844116,262,0.9952957034111023,1.001198172569275,0.9509333372116089,262
0.07688786089420319,1.7234233617782593,263,0.9953082203865051,1.0011833906173706,0.9492006897926331,263
0.07657551765441895,1.716880440711975,264,0.995324969291687,1.0011645555496216,0.947486400604248,264
0.07625602185726166,1.71040678024292,265,0.9953412413597107,1.0011526346206665,0.9457891583442688,265
0.07591129839420319,1.7040083408355713,266,0.9953545928001404,1.0011526346206665,0.9441066980361938,266
0.07555878162384033,1.6976869106292725,267,0.9953658580780029,1.0011581182479858,0.9424424171447754,267
0.07522441446781158,1.6914209127426147,268,0.9953786134719849,1.001158356666565,0.9407956004142761,268
0.07491381466388702,1.6851669549942017,269,0.9953926205635071,1.0011500120162964,0.9391558766365051,269
0.07460980862379074,1.6789460182189941,270,0.9954060912132263,1.0011392831802368,0.9375252723693848,270
0.0742952823638916,1.6728005409240723,271,0.9954172372817993,1.0011323690414429,0.9359113574028015,271
0.07397114485502243,1.666719913482666,272,0.9954274892807007,1.0011311769485474,0.9343124032020569,272
0.07365158200263977,1.6606850624084473,273,0.9954388737678528,1.001130223274231,0.9327264428138733,273
0.07335511595010757,1.654681921005249,274,0.9954535365104675,1.001125693321228,0.9311540722846985,274
0.0730748102068901,1.6487220525741577,275,0.9954689741134644,1.0011183023452759,0.9295960068702698,275
0.07279027253389359,1.6428260803222656,276,0.9954820275306702,1.0011123418807983,0.9280527234077454,276
0.07248953729867935,1.637002944946289,277,0.9954904913902283,1.0011099576950073,0.9265232086181641,277
0.07218411564826965,1.6312434673309326,278,0.9954963326454163,1.0011075735092163,0.9250078797340393,278
0.07189056277275085,1.6255320310592651,279,0.9955026507377625,1.0011018514633179,0.9235067963600159,279
0.07161371409893036,1.6198604106903076,280,0.9955114722251892,1.001092553138733,0.9220195412635803,280
0.07134278863668442,1.6142362356185913,281,0.9955218434333801,1.001084566116333,0.9205463528633118,281
0.07106967270374298,1.6086610555648804,282,0.9955335855484009,1.0010817050933838,0.9190865159034729,282
0.07079705595970154,1.6031317710876465,283,0.9955460429191589,1.001082420349121,0.9176393151283264,283
0.0705302357673645,1.5976446866989136,284,0.995560348033905,1.0010831356048584,0.916204571723938,284
0.07027804106473923,1.5921939611434937,285,0.9955754280090332,1.0010812282562256,0.9147821664810181,285
0.07003675401210785,1.5867749452590942,286,0.9955911636352539,1.0010733604431152,0.9133690595626831,286
0.0697963759303093,1.581393837928772,287,0.9956048130989075,1.0010590553283691,0.9119635224342346,287
0.0695294737815857,1.5760806798934937,288,0.9956132769584656,1.001049280166626,0.9105681777000427,288
0.06924335658550262,1.5707979202270508,289,0.995617687702179,1.0010454654693604,0.9091761112213135,289
0.0689692348241806,1.5655287504196167,290,0.9956235289573669,1.0010395050048828,0.9077902436256409,290
0.06872467696666718,1.5602707862854004,291,0.995633602142334,1.0010285377502441,0.9064143896102905,291
0.06849208474159241,1.5550427436828613,292,0.9956461191177368,1.0010180473327637,0.905049741268158,292
0.06824517995119095,1.5498689413070679,293,0.9956565499305725,1.0010154247283936,0.9036965370178223,293
0.06798137724399567,1.5447529554367065,294,0.995664656162262,1.0010199546813965,0.9023547172546387,294
0.06771869957447052,1.5396368503570557,295,0.9956732392311096,1.0010240077972412,0.901013195514679,295
0.06747295707464218,1.534517526626587,296,0.9956842660903931,1.0010216236114502,0.899674117565155,296
0.06723029166460037,1.5294208526611328,297,0.9956966638565063,1.0010168552398682,0.898341178894043,297
0.0669889897108078,1.5243462324142456,298,0.9957094788551331,1.001009225845337,0.8970134854316711,298
0.0667380690574646,1.5192915201187134,299,0.9957216382026672,1.0010018348693848,0.8956882953643799,299
0.06647339463233948,1.5142802000045776,300,0.9957316517829895,1.001000165939331,0.8943713307380676,300
0.06621196866035461,1.5092867612838745,301,0.9957414865493774,1.0010011196136475,0.8930603265762329,301
0.06597154587507248,1.5044469833374023,302,0.9957535266876221,1.0009996891021729,0.8917929530143738,302
0.06577061116695404,1.4995354413986206,303,0.9957696795463562,1.0009868144989014,0.8905156254768372,303
0.06555792689323425,1.4946625232696533,304,0.9957825541496277,1.0009791851043701,0.8892455697059631,304
0.06530322879552841,1.4898422956466675,305,0.9957877993583679,1.0009875297546387,0.8879802227020264,305
0.06503859162330627,1.485076665878296,306,0.9957910776138306,1.0010013580322266,0.8867269158363342,306
0.06480976194143295,1.480319857597351,307,0.9958008527755737,1.0010054111480713,0.885483980178833,307
0.06461524963378906,1.4755791425704956,308,0.9958173036575317,1.0009987354278564,0.8842526078224182,308
0.0644148588180542,1.4709038734436035,309,0.9958339333534241,1.0009949207305908,0.8830369114875793,309
0.06417606770992279,1.466309905052185,310,0.9958457350730896,1.001002550125122,0.881833553314209,310
0.06392323225736618,1.4617836475372314,311,0.9958547353744507,1.0010151863098145,0.8806442022323608,311
0.06368965655565262,1.4572945833206177,312,0.9958658218383789,1.001021146774292,0.879467785358429,312
0.0634782686829567,1.4528348445892334,313,0.995878279209137,1.0010192394256592,0.8783026337623596,313
0.0632607564330101,1.448428988456726,314,0.9958880543708801,1.0010197162628174,0.8771494030952454,314
0.06301742047071457,1.4440603256225586,315,0.9958922266960144,1.0010290145874023,0.8759997487068176,315
0.06277584284543991,1.439713954925537,316,0.9958956837654114,1.0010359287261963,0.8748553395271301,316
0.06255136430263519,1.4353935718536377,317,0.9959017634391785,1.0010364055633545,0.8737207651138306,317
0.06234046071767807,1.4310734272003174,318,0.9959100484848022,1.0010337829589844,0.8725894093513489,318
0.062139466404914856,1.4267719984054565,319,0.9959205389022827,1.0010261535644531,0.8714645504951477,319
0.06192360818386078,1.4225159883499146,320,0.995928168296814,1.0010228157043457,0.8703476190567017,320
0.06169266998767853,1.4183080196380615,321,0.9959322214126587,1.0010254383087158,0.8692395687103271,321
0.061467137187719345,1.4141340255737305,322,0.9959354996681213,1.0010271072387695,0.8681409358978271,322
0.06126054748892784,1.4099750518798828,323,0.9959403872489929,1.0010240077972412,0.8670499920845032,323
0.06106194481253624,1.4058411121368408,324,0.9959455132484436,1.0010197162628174,0.8659670948982239,324
0.060856759548187256,1.4016858339309692,325,0.9959490895271301,1.0010204315185547,0.8648780584335327,325
0.060645706951618195,1.3975173234939575,326,0.9959517121315002,1.0010268688201904,0.8637853860855103,326
0.06044073402881622,1.3933531045913696,327,0.9959561228752136,1.0010347366333008,0.8626961708068848,327
0.06025039404630661,1.389196753501892,328,0.9959638118743896,1.001039743423462,0.8616126775741577,328
0.06006617471575737,1.3850475549697876,329,0.9959737062454224,1.0010430812835693,0.8605326414108276,329
0.059884827584028244,1.3809219598770142,330,0.9959838390350342,1.0010476112365723,0.8594595789909363,330
0.05970403924584389,1.3768171072006226,331,0.9959927201271057,1.0010545253753662,0.8583921194076538,331
0.05953187495470047,1.372700810432434,332,0.9960009455680847,1.0010607242584229,0.8573235869407654,332
0.05937494337558746,1.3685883283615112,333,0.9960094094276428,1.0010652542114258,0.8562594652175903,333
0.05923203378915787,1.364480972290039,334,0.9960177540779114,1.0010690689086914,0.855199933052063,334
0.05909998342394829,1.3603888750076294,335,0.9960261583328247,1.0010735988616943,0.8541471362113953,335
0.05898004025220871,1.3563016653060913,336,0.9960362911224365,1.0010790824890137,0.8530992865562439,336
0.05887485668063164,1.3521816730499268,337,0.9960489273071289,1.0010836124420166,0.8520472645759583,337
0.058787327259778976,1.3480573892593384,338,0.9960648417472839,1.001086711883545,0.8509990572929382,338
0.05870489031076431,1.343950629234314,339,0.9960814118385315,1.0010900497436523,0.849956750869751,339
0.05861692130565643,1.3398950099945068,340,0.9960957765579224,1.0010939836502075,0.8489254117012024,340
0.05851815640926361,1.3358734846115112,341,0.9961073398590088,1.0010956525802612,0.8478986620903015,341
0.05841927230358124,1.3318850994110107,342,0.9961162209510803,1.0010923147201538,0.8468782305717468,342
0.058318182826042175,1.3279262781143188,343,0.9961231350898743,1.001084327697754,0.8458629846572876,343
0.05820820853114128,1.3240004777908325,344,0.9961273074150085,1.0010764598846436,0.8448531031608582,344
0.058086544275283813,1.3201080560684204,345,0.9961294531822205,1.0010707378387451,0.843848705291748,345
0.05795930325984955,1.316233515739441,346,0.9961310029029846,1.001065969467163,0.842847466468811,346
0.057832613587379456,1.312377691268921,347,0.9961331486701965,1.0010602474212646,0.8418509364128113,347
0.057703591883182526,1.3085490465164185,348,0.996135413646698,1.0010530948638916,0.8408603072166443,348
0.05756402388215065,1.3047564029693604,349,0.9961360096931458,1.001046895980835,0.8398758172988892,349
0.05741250514984131,1.3009999990463257,350,0.9961345791816711,1.0010416507720947,0.838897168636322,350
0.05725559964776039,1.297269344329834,351,0.9961320757865906,1.0010359287261963,0.8379232287406921,351
0.057100094854831696,1.2935622930526733,352,0.9961300492286682,1.0010287761688232,0.8369553089141846,352
0.05694728344678879,1.289875864982605,353,0.9961293339729309,1.0010216236114502,0.8359935283660889,353
0.056795116513967514,1.2862094640731812,354,0.9961298108100891,1.0010168552398682,0.8350378274917603,354
0.05664397403597832,1.2825615406036377,355,0.9961315989494324,1.0010149478912354,0.8340880274772644,355
0.056497082114219666,1.2789316177368164,356,0.9961351752281189,1.0010101795196533,0.8331435322761536,356
0.05635768175125122,1.2753151655197144,357,0.9961403012275696,1.0010054111480713,0.8322046399116516,357
0.05621669813990593,1.2717124223709106,358,0.9961453676223755,1.001002311706543,0.8312692046165466,358
0.05607689544558525,1.2681300640106201,359,0.9961504936218262,1.001000165939331,0.8303394317626953,359
0.05593862384557724,1.2645666599273682,360,0.9961557388305664,1.0009980201721191,0.8294147849082947,360
0.05580220744013786,1.2610195875167847,361,0.996161699295044,1.000995397567749,0.8284947276115417,361
0.05566813051700592,1.2574868202209473,362,0.996168851852417,1.0009918212890625,0.8275789022445679,362
0.05553601682186127,1.2539671659469604,363,0.9961772561073303,1.0009875297546387,0.8266670107841492,363
0.055405206978321075,1.250466227531433,364,0.996187150478363,1.0009822845458984,0.8257602453231812,364
0.055274706333875656,1.2469860315322876,365,0.9961977601051331,1.0009772777557373,0.8248589634895325,365
0.055142611265182495,1.2435251474380493,366,0.9962077140808105,1.0009722709655762,0.8239619135856628,366
0.05500910058617592,1.2400829792022705,367,0.9962170124053955,1.0009675025939941,0.823069155216217,367
0.054872699081897736,1.2366622686386108,368,0.9962249994277954,1.0009634494781494,0.8221808671951294,368
0.054733481258153915,1.2332649230957031,369,0.9962316751480103,1.000959873199463,0.8212974667549133,369
0.05459219217300415,1.2298905849456787,370,0.9962374567985535,1.0009567737579346,0.8204192519187927,370
0.05445050075650215,1.2265366315841675,371,0.9962432980537415,1.0009541511535645,0.8195461630821228,371
0.054309602826833725,1.2231972217559814,372,0.9962496161460876,1.0009515285491943,0.8186770081520081,372
0.05417001619935036,1.2198630571365356,373,0.996256411075592,1.0009486675262451,0.817809522151947,373
0.054029304534196854,1.216546654701233,374,0.9962632060050964,1.0009467601776123,0.8169465065002441,374
0.053881850093603134,1.2132525444030762,375,0.996268093585968,1.0009467601776123,0.8160873055458069,375
0.053725406527519226,1.209989070892334,376,0.9962695837020874,1.0009477138519287,0.8152329325675964,376
0.05356452241539955,1.2067543268203735,377,0.9962684512138367,1.0009472370147705,0.8143836259841919,377
0.0534050427377224,1.2035419940948486,378,0.9962655901908875,1.000943660736084,0.8135390877723694,378
0.05324927344918251,1.200348138809204,379,0.9962626099586487,1.000938892364502,0.8126997351646423,379
0.05309797823429108,1.1971652507781982,380,0.9962604641914368,1.0009355545043945,0.8118647933006287,380
0.05295426398515701,1.1939795017242432,381,0.9962607026100159,1.000934362411499,0.811032235622406,381
0.05282372608780861,1.1907883882522583,382,0.9962642788887024,1.00093412399292,0.8102026581764221,382
0.05270160734653473,1.1875989437103271,383,0.9962702989578247,1.00093412399292,0.8093762397766113,383
0.05258788540959358,1.1844207048416138,384,0.9962772130966187,1.000934362411499,0.8085550665855408,384
0.052476707845926285,1.181257963180542,385,0.9962830543518066,1.0009350776672363,0.807738184928894,385
0.052365951240062714,1.1781140565872192,386,0.9962871074676514,1.0009350776672363,0.8069255352020264,386
0.05225810036063194,1.1749773025512695,387,0.9962902069091797,1.0009329319000244,0.8061146140098572,387
0.052157580852508545,1.171839952468872,388,0.9962936639785767,1.0009284019470215,0.8053048849105835,388
0.052062422037124634,1.1687123775482178,389,0.9962977170944214,1.0009233951568604,0.8044989705085754,389
0.051970046013593674,1.1655871868133545,390,0.9963024258613586,1.0009191036224365,0.8036946654319763,390
0.0518808513879776,1.162459373474121,391,0.9963080286979675,1.000915288925171,0.8028908967971802,391
0.05179564282298088,1.1593245267868042,392,0.9963141083717346,1.0009064674377441,0.8020851612091064,392
0.05171176791191101,1.1562135219573975,393,0.9963197112083435,1.0008985996246338,0.8012859225273132,393
0.051623910665512085,1.1531189680099487,394,0.9963231682777405,1.0008926391601562,0.8004896640777588,394
0.05153089389204979,1.1500424146652222,395,0.9963249564170837,1.0008893013000488,0.7996968626976013,395
0.051435887813568115,1.1469814777374268,396,0.9963262677192688,1.000887393951416,0.7989077568054199,396
0.05134228616952896,1.1439361572265625,397,0.9963288903236389,1.000885248184204,0.7981231212615967,397
0.05125131458044052,1.1409028768539429,398,0.9963332414627075,1.0008835792541504,0.7973427772521973,398
0.051160331815481186,1.1378833055496216,399,0.9963393211364746,1.000882625579834,0.796566367149353,399
0.05106783285737038,1.1348832845687866,400,0.9963459968566895,1.0008821487426758,0.7957948446273804,400
0.050974830985069275,1.1318981647491455,401,0.9963526725769043,1.0008771419525146,0.7950257062911987,401
0.05088295415043831,1.128933072090149,402,0.9963582754135132,1.0008718967437744,0.7942615747451782,402
0.05079110711812973,1.1259937286376953,403,0.996362566947937,1.0008673667907715,0.7935037016868591,403
0.05069424584507942,1.1230733394622803,404,0.9963656663894653,1.0008652210235596,0.7927496433258057,404
0.05059875547885895,1.1201672554016113,405,0.9963691830635071,1.0008649826049805,0.7920000553131104,405
0.05050542578101158,1.1172736883163452,406,0.9963743090629578,1.0008654594421387,0.7912546992301941,406
0.050412606447935104,1.1143999099731445,407,0.9963808655738831,1.000866174697876,0.7905148863792419,407
0.05031735450029373,1.1115492582321167,408,0.9963880181312561,1.000861644744873,0.7897790670394897,408
0.05021709203720093,1.1087172031402588,409,0.9963940978050232,1.0008563995361328,0.7890461683273315,409
0.05010940507054329,1.1059112548828125,410,0.9963985681533813,1.0008502006530762,0.7883173823356628,410
0.049994517117738724,1.1031286716461182,411,0.9964009523391724,1.000844120979309,0.7875920534133911,411
0.049870919436216354,1.1003735065460205,412,0.996401309967041,1.000839114189148,0.7868711948394775,412
0.04974210634827614,1.0976442098617554,413,0.9964011907577515,1.000836730003357,0.7861560583114624,413
0.049612391740083694,1.0949431657791138,414,0.9964019060134888,1.0008364915847778,0.7854484915733337,414
0.04948375001549721,1.0922448635101318,415,0.9964041709899902,1.0008333921432495,0.7847415208816528,415
0.04935542121529579,1.0895575284957886,416,0.9964077472686768,1.000827431678772,0.7840370535850525,416
0.04922773316502571,1.0868957042694092,417,0.9964114427566528,1.0008238554000854,0.7833396792411804,417
0.04909863695502281,1.0842437744140625,418,0.9964144229888916,1.00082266330719,0.7826448678970337,418
0.04896815866231918,1.0815993547439575,419,0.996416449546814,1.0008236169815063,0.7819519639015198,419
0.04883768409490585,1.0789748430252075,420,0.9964184761047363,1.0008262395858765,0.7812643051147461,420
0.04871116578578949,1.0763540267944336,421,0.9964216947555542,1.00082528591156,0.7805780172348022,421
0.048589907586574554,1.0737450122833252,422,0.9964265823364258,1.0008212327957153,0.7798956632614136,422
0.04847292974591255,1.0711499452590942,423,0.996432363986969,1.0008198022842407,0.7792187333106995,423
0.04835749790072441,1.0685632228851318,424,0.9964383244514465,1.0008214712142944,0.7785451412200928,424
0.04824347421526909,1.065982460975647,425,0.996444046497345,1.00082528591156,0.7778738141059875,425
0.04813157021999359,1.063416838645935,426,0.9964495301246643,1.0008293390274048,0.7772068381309509,426
0.0480225645005703,1.060863733291626,427,0.9964550137519836,1.0008279085159302,0.7765423059463501,427
